Method,RRN,Σw,μ
BS,3.9272605396050817e-16,1.0000000000000002,0.1
GMRES,1.5063864732298266e-6,1.000000000000009,0.10000000000351765
CG,3.459723261966644e-5,0.999999998089394,0.10000000728100493
