Method,RRN,Σw,μ
BS,3.9272605396050817e-16,1.0000000000000002,0.1
CG,3.459723261966644e-5,0.999999998089394,0.10000000728100493
GMRES,0.0001373949300179267,0.9999999804028751,0.09999971564265743
